"Aalberts,Daniel P.",Professor of Physics,Physics Department,"1989, B.S., Massachusetts Institute of Technology",,"1994, Ph.D., Massachusetts Institute of Technology"
"Adams,Colin C.",Thomas T. Read Professor of Mathematics,Mathematics and Statistics,"1978, B.S., Massachusetts Institute of Technology",,"1983, Ph.D., University of Wisconsin, Madison"
"Adhami,Zaid R.",Visiting Lecturer in Religion,Religion Department,"2010, B.A., Stanford University","2010, M.A., Stanford University",
"Adler Mandelbaum,Sara E.",Visiting Assistant Professor of Economics,Economics Department,"2009, B.A., Case Western Reserve University","2010, M.A., University of California, Santa Barbara","2015, Ph.D., University of California, Santa Barbara"
"Albrecht,Jeannie R",Associate Professor of Computer Science,Computer Science Department,"2001, B.S., Gettysburg College","2003, M.S., Duke University","2007, Ph.D., University of California, San Diego"
"Ali,Laylah",Professor of Art,Art Department,"1991, B.A., Williams College","1994, M.F.A., Washington University",
"Aliev,Baktygul A.",Assistant Professor of Russian,German and Russian Department,"2000, B.A., American University of Central Asi","2007, M.A., McGill University","2014, Ph.D., McGill University"
"Allen,Kristopher D.","Lyell B. Clay Artist in Residence in Jazz Activities/Lecturer in Music, Director of the Jazz Ensemble",Music Department,"1998, B.M., University of Hartford","2004, M.M., State University of New York, Purchase",
"Allen,Sarah M.",Visiting Associate Professor of Comparative Literature,Comparative Literature Program,"1992, A.B., Harvard University","1996, M.A., University of Michigan","2003, Ph.D., Harvard University"
"Apotsos,Alex A.",Lecturer in Geosciences,Geosciences Department,"1999, B.S., Duke University",,"2007, Ph.D., Massachusetts Institute of Technology"
"Apotsos,Michelle M.",Assistant Professor of Art,Art Department,"1999, B.A., University of North Carolina, Chapel Hill","2006, M.A., Tufts University","2013, Ph.D., Stanford University"
"App,Kevin M.",Assistant Professor of Physical Education and Head Men's Basketball Coach,Athletics Department,"2007, B.S., Cornell University",,
"Art,Henry W.",Rosenburg Professor of Environmental Studies and Biology,Biology Department,"1966, B.A., Dartmouth College","1969, M.Phil., Yale University","1971, Ph.D., Yale University"
"Ashraf,Quamrul H.",Associate Professor of Economics,Economics Department,"1999, B.A., Trinity College","2004, M.A., Brown University","2009, Ph.D., Brown University"
"Bailey,Duane A.",Professor of Computer Science,Computer Science Department,"1982, B.A., Amherst College","1984, M.S., University of Massachusetts, Amherst","1988, Ph.D., University of Massachusetts, Amherst"
"Baker-White,Robert E.",Professor of Theatre,Theatre Department,"1980, B.A., Williams College","1983, M.F.A., University of Washington","1990, Ph.D., Stanford University"
"Bakija,Jon M.",Professor of Economics,Economics Department,"1990, B.A., Wesleyan University","1995, M.A., University of Michigan","2000, Ph.D., University of Michigan"
"Balguerie,Valentine F.",Visiting Assistant Professor of French,Romance Languages Department,"2006, B.A., U-Paris III Sorbonne Nouvell","2009, M.A., University of Illinois","2015, Ph.D., Brown University"
"Banta,Lois M.",Professor of Biology,Biology Department,"1983, B.A., Johns Hopkins University",,"1990, Ph.D., California Institute of Technology"
"Barber,Patrick S.",Visiting Assistant Professor of Chemistry,Chemistry Department,"2007, B.S., University of West Florida",,"2011, Ph.D., University of Nevada, Reno"
"Barrale,Alix H.",Assistant Professor of Physical Education and Head Field Hockey Coach,Athletics Department,"1993, B.A., Williams College","1996, M.S., Smith College",
"Barrale,William","Assistant Professor of Physical Education, Head Baseball and Assistant Football Coach",Athletics Department,"1994, B.S., Northeastern University","2004, M.A., Rowan University",
"Barrett,Andrea",Senior Lecturer in English,English Department,"1974, B.S., Union College",,
"Barron,Ethan M.","Assistant Professor of Physical Education, Head Men's Track & Field Coach",Athletics Department,"2001, B.A., Tufts University","2005, M.Ed., Middlebury College",
"Barry,Melissa J.",Chair and Professor of Philosophy,Philosophy Department,"1988, B.A., Wheaton College",,"1998, Ph.D., University of Notre Dame"
"Beaver,Donald deB.",Professor of History of Science,History of Science Department,"1958, B.A., Harvard University",,"1966, Ph.D., Yale University"
"Beck,Kirsten S.",Visiting Assistant Professor of Arabic Studies,Comparative Literature Program,"2006, B.A., Barnard College","2007, M.A., Columbia University",
"Bell,Ilona D.",Samuel Fessenden Clarke Professor of English,English Department,"1969, B.A., Radcliffe College",,"1977, Ph.D., Boston College"
"Bell,Robert H.",Frederick Latimer Wells Professor of English,English Department,"1967, B.A., Dartmouth College","1968, M.A., Harvard University","1972, Ph.D., Harvard University"
"Bell-Villada,Gene H.",Professor of Romance Languages,Romance Languages Department,"1963, B.A., University of Arizona","1967, M.A., University of California, Berkeley","1974, Ph.D., Harvard University"
"Benedict III,Henry H.",Lecturer in Art,Art Department,"1973, B.A., Yale University","1976, M.Arch., Yale University",
"Bernhardsson,Magnus T.",Professor of History and Faculty Affiliate in Leadership Studies and Religion,History Department,"1990, B.A., University of Iceland","1992, M.A., Yale University","1999, Ph.D., Yale University"
"Bingemann,Dieter",Professor of Chemistry,Chemistry Department,"1989, Diploma, Georg-August University",,"1994, Ph.D., Georg-August University"
"Blackwood,Julie C.",Assistant Professor of Mathematics,Mathematics and Statistics,,,"2010, Ph.D., University of California, Davis"
"Blair,James Abellera",Assistant Professor of Chemistry,Chemistry Department,"2002, B.A., Carleton College",,"2008, Ph.D., University of California, Berkeley"
"Bloxam,Mary Jennifer",Herbert H Lehman Professor of Music,Music Department,"1979, B.M., University of Illinois","1982, M.A., Yale University","1987, Ph.D., Yale University"
"Bolton,Christopher A.",Professor of Comparative and Japanese Literature,Comparative Literature Program,"1989, B.A., Harvard University",,"1998, Ph.D., Stanford University"
"Bolton,Sarah R.",Professor of Physics,Physics Department,"1988, B.S., Brown University","1991, M.A., University of California, Berkeley","1995, Ph.D., University of California, Berkeley"
"Bradburd,Ralph M.",Chair of CES and David A. Wells Professor of Political Economy,Economics Department,"1970, B.A., Columbia College","1975, M.A., Columbia University","1976, Ph.D., Columbia University"
"Braggs,Rashida K.",Assistant Professor of Africana Studies,Africana Studies,"1998, B.A., Yale University","2000, M.S., Boston College","2006, Ph.D., Northwestern University"
"Bravo,Janis E.",Visiting Instructor in Biology,Biology Department,"1980, B.S., Cornell University",,"1990, Ph.D., Rutgers University"
"Brothers,Deborah A.",Costume Director and Lecturer in Theatre,Theatre Department,"1976, B.F.A., University of New Orleans","1979, M.F.A., California Institute of the Arts",
"Brown,Katherine A.",Visiting Assistant Professor of French,Romance Languages Department,"2000, B.A., Wesleyan University","2004, M.A., Princeton University","2007, Ph.D., Princeton University"
"Brown,Leslie",Associate Professor of History,History Department,"1977, B.A., Tufts University","1993, M.A., Duke University","1997, Ph.D., Duke University"
"Buell,Denise K.",Cluett Professor of Religion,Religion Department,"1987, B.A., Princeton University","1990, M.Div., Harvard University","1995, Ph.D., Harvard University"
"Burton,Sandra L.",Lipp Family Director of Dance and Senior Lecturer in Dance,Dance Department,"1983, B.A., City College of New York","1987, M.F.A., Bennington College",
"Campbell,Corinna S.",Assistant Professor of Music,Music Department,"2003, B.M., Northwestern University","2005, M.M., Bowling Green State University","2012, Ph.D., Harvard University"
"Caprio Jr.,Gerard",Chair of the Executive Committee for the Center of Development Economics and William Brough Professor of Economics,Economics Department,"1972, B.A., Williams College","1974, M.A., University of Michigan","1976, Ph.D., University of Michigan"
"Carone,Benjamin R.",Visiting Assistant Professor of Biology,Biology Department,"2004, B.S., University of Connecticut",,"2009, Ph.D., University of Connecticut"
"Carone,Dawn M.",Assistant Professor of Biology,Biology Department,"2004, B.S., University of Connecticut",,"2008, Ph.D., University of Connecticut"
"Carter,Matthew E.",Assistant Professor of Biology,Biology Department,"2000, B.A., Whitman College",,"2010, Ph.D., Stanford University"
"Case,Alison A.",Professor of English,English Department,"1984, B.A., Oberlin College","1988, M.A., Cornell University","1991, Ph.D., Cornell University"
"Cassiday,Julie A.",Chair of German and Russian and Professor of Russian,German and Russian Department,"1986, B.A., Grinnell College","1990, M.A., Stanford University","1995, Ph.D., Stanford University"
"Cassuto,David N.",Class of 1946 Visiting Distinguished Professor of Environmental Studies,Center for Environmental Studies,"1985, B.A., Wesleyan University",,"1994, Ph.D., Indiana University"
"Catalano,Cosmo A.","Theatre Department Production Manager, Technical Supervisor for the '62 Center for Theatre and Dance, and Lecturer in Theatre",Theatre Department,"1976, B.A., University of Iowa","1979, M.F.A., Yale University",
"Cepeda,Maria Elena","Associate Professor of Latina/o Studies and Faculty Affiliate in American Studies and Women's, Gender and Sexuality Studies",Latina/o Studies Program,"1995, B.A., Kenyon College","1997, M.A., University of Michigan","2003, Ph.D., University of Michigan"
"Chandler,G. Donald",George R. Goethals Distinguished Visiting Professor of Leadership Studies,Leadership Studies Program,"1972, B.A., Williams College","1978, M.B.A., Harvard University",
"Chang,Cecilia",Professor of Chinese,Asian Studies Department,"1981, B.A., Fu-Jen University","1987, M.A., University of California, Los Angeles","2004, Ph.D., University of Massachusetts, Amherst"
"Chang,Jinhwa",Visiting Lecturer in Japanese,Asian Studies Department,"1994, B.A., Kyungpook National University",,
"Chao,Matthew C.",Assistant Professor of Economics,Economics Department,"2006, B.A., Dartmouth College",,"2015, Ph.D., California Institute of Technology"
"Chapman,Jessica M.",Associate Professor of History,History Department,"1999, B.A., Valparaiso University","2001, M.A., University of California, Santa Barbara","2006, Ph.D., University of California, Santa Barbara"
"Chavoya,C. Ondine L.",Professor of Art,Art Department,"1992, B.A., University of California, Santa Cruz","1996, M.A., University of Rochester","2002, Ph.D., University of Rochester"
"Childs,Lauren M.",Visiting Assistant Professor of Mathematics,Mathematics and Statistics,"2004, B.S., Duke University","2007, M.S., Cornell University","2010, Ph.D., Cornell University"
"Christensen,Kerry A.",Garfield Professor of Ancient Languages,Classics Department,"1981, B.A., Swarthmore College","1983, M.A., Princeton University","1993, Ph.D., Princeton University"
"Chuks,Jennifer E.",Assistant Professor of Physical Education and Assistant Athletic Director/Student Athlete Services,Athletics Department,"2006, B.A., University of Hartford","2009, M.B.A., University of New Haven",
"Clarke,Jay A.",Lecturer in the Graduate Program in Art History,Graduate Program in Art History,"1988, B.A., Holy Cross College","1991, M.A., Brown University","1999, Ph.D., Brown University"
"Cleghorn,Cassandra J.",Senior Lecturer in English and American Studies,English Department,"1983, B.A., University of California, Santa Cruz","1988, M.A., Yale University","1995, Ph.D., Yale University"
"Cohen,Phoebe A.",Assistant Professor of Geosciences,Geosciences Department,"2002, B.A., Cornell University",,"2010, Ph.D., Harvard University"
"Cone,Jeremy D.",Assistant Professor of Psychology,Psychology Department,,,"2012, Ph.D., Cornell University"
"Conforti,Michael P.",Lecturer in the Graduate Program in Art History,Graduate Program in Art History,"1968, B.A., Trinity College","1973, M.A., Harvard University","1977, Ph.D., Harvard University"
"Cook,Mea S.",Associate Professor of Geosciences,Geosciences Department,"1999, B.A., Princeton University",,"2006, Ph.D., Massachusetts Institute of Technology"
"Cowden,Margaux E.","Visiting Assistant Professor of Women's, Gender, and Sexuality Studies","Women, Gender & Sexuality Studies","2001, B.A., Ohio University-Athens","2003, M.A., University of California, Irvine","2009, Ph.D., University of California, Irvine"
"Cox,Ronadh",Chair and Professor of Geosciences,Geosciences Department,"1985, B.S., University College Dublin",,"1993, Ph.D., Stanford University"
"Crane,George T.",W. Van Alan Clark '41 Third Century Professor in the Social Sciences,Political Science Department,"1979, B.A., State University of New York, Purchase","1981, M.A., University of Wisconsin, Madison","1986, Ph.D., University of Wisconsin, Madison"
"Creighton,Marshall K.","Lecturer in Physical Education, Assistant Football and Assistant Baseball Coach",Athletics Department,"2002, B.A., Williams College",,
"Cross,Susan M.",Visiting Lecturer in Art,Art Department,"1989, B.A., University of Virginia","1994, M.A., Williams College",
"Crowe,Justin E.",Associate Professor of Political Science,Political Science Department,"2003, B.A., Williams College","2005, M.A., Princeton University","2007, Ph.D., Princeton University"
"Cruz,Joseph L.",Professor of Philosophy,Philosophy Department,"1991, B.A., Williams College",,"1999, Ph.D., University of Arizona"
"Curulla,Annelle M.",Assistant Professor of French Literature and Language,Romance Languages Department,"1999, B.A., Connecticut College","2001, M.A., Middlebury College","2012, Ph.D., Columbia University"
"Dankmeyer,Erica A.",Artist-in-Residence in Dance,Dance Department,"1991, B.A., Williams College",,
"Danyluk,Andrea",Dennis A. Meenan '54 Third Century Professor of Computer Science,Computer Science Department,"1984, A.B., Vassar College","1986, M.S., Columbia University","1992, Ph.D., Columbia University"
"Das,Joanna D.",Postdoctoral Fellow in Dance,Dance Department,"2005, B.A., Columbia University","2008, M.A., New York University","2014, Ph.D., Columbia University"
"De Gooyer,Alan W.",Lecturer in English,English Department,"1987, B.A., Colorado State University","1991, M.A., University of Denver","1994, Ph.D., University of Virginia"
"De Veaux,Richard D.",C. Carlisle and Margaret Tippit Professor of Statistics,Mathematics and Statistics,"1973, A.B., Princeton University","1980, M.A., Stanford University","1986, Ph.D., Stanford University"
"Dean,Derek",Lecturer in Biology,Biology Department,"1994, B.A., Oberlin College",,"2004, Ph.D., Cornell University"
"Dekel,Edan",Associate Professor of Classics and Faculty Affiliate in Religion,Classics Department,"1996, B.A., Brown University","1998, M.A., University of California, Berkeley","2005, Ph.D., University of California, Berkeley"
"Demianski,Marek",Visiting Professor of Astronomy,Astronomy Department,"1962, B.A., University of Warsaw",,"1966, Ph.D., University of Warsaw"
"Desrosiers,Nicole S.",Lecturer in Romance Languages,Graduate Program in Art History,,"1973, M.A., University of Massachusetts, Amherst","1980, Ph.D., University of Massachusetts, Amherst"
"Dethier,David P.",Edward Brust Professor of Geology and Mineralogy,Geosciences Department,"1972, A.B., Dartmouth College","1974, M.S., University of Washington","1977, Ph.D., University of Washington"
"Devadoss,Satyan L.",Professor of Mathematics,Mathematics and Statistics,"1993, B.S., North Central College",,"1999, Ph.D., Johns Hopkins University"
"Dew,Charles B.",Ephraim Williams Professor of American History,History Department,"1958, B.A., Williams College",,"1964, Ph.D., Johns Hopkins University"
"Doret,Stephen Charles",Assistant Professor of Physics,Physics Department,"2002, B.A., Williams College","2006, A.M., Harvard University","2010, Ph.D., Harvard University"
"Dreyfus,Georges B.",Jackson Professor of Religion,Religion Department,"1969, B.A., La Chaux-de-Fonds","1987, M.A., University of Virginia","1991, Ph.D., University of Virginia"
"Druxes,Helga",Professor of German,German and Russian Department,"1982, B.A., Westfalische Wilhelms-University","1985, M.A., Brown University","1987, Ph.D., Brown University"
"Dubow,Sara L.",Associate Professor of History,History Department,"1991, B.A., Williams College","1996, M.A., University of Massachusetts, Amherst","2003, Ph.D., Rutgers University"
"Dudley,William C.",Professor of Philosophy,Philosophy Department,"1989, B.A., Williams College","1995, M.A., Northwestern University","1998, Ph.D., Northwestern University"
"Dunn,Susan",John B. McCoy and John T. McCoy Professor of Humanities,Humanities Department,"1966, B.A., Smith College",,"1973, Ph.D., Harvard University"
"Edwards,David B.",James N. Lambert '39 Professor of Anthropology,Anthropology and Sociology,"1975, B.A., Princeton University","1979, M.A., University of Michigan","1986, Ph.D., University of Michigan"
"Edwards,Frances C.",Senior Lecturer in Art,Art Department,"1975, B.A., Princeton University","1981, M.A., University of Michigan","1990, Ph.D., New York University Institute of Fine Arts"
"Edwards,Joan",Chair and Washington Gladden 1859 Professor of Biology,Biology Department,"1971, B.A., University of Michigan","1972, M.S., University of Michigan","1978, Ph.D., University of Michigan"
"Engel,Alex C.",Assistant Professor of Biology,Biology Department,"2001, B.A., Pomona College",,"2007, Ph.D., University of California, Berkeley"
"Engel,Susan L.",Senior Lecturer in Psychology,Psychology Department,"1980, B.A., Sarah Lawrence College",,"1985, Ph.D., City University of New York"
"Ephraim,Laura D.",Assistant Professor of Political Science,Political Science Department,"2000, B.A., Pomona College",,"2010, Ph.D., Northwestern University"
"Eppel,David",Professor of Theatre,Theatre Department,"1971, B.A., University of CapeTown","1986, M.F.A., Columbia University",
"Epping,Edward A.",Alexander Falck Class of 1899 Professor of Art,Art Department,"1970, B.A., Western Illinois University","1973, M.F.A., University of Wisconsin, Madison",
"Eqeiq,Amal",Visiting Assistant Professor of Arabic,Comparative Literature Program,"1997, B.A., Hebrew University-Jerusalem","2006, M.A., University of Oregon","2013, Ph.D., University of Washington"
"Falk,Adam F.",Professor of Physics,Physics Department,"1987, B.S., University of North Carolina, Chapel Hill","1989, M.A., Harvard University","1991, Ph.D., Harvard University"
"Farwell,Peter K.",Assistant Professor of Physical Education and Head Cross Country Coach,Athletics Department,"1973, B.A., Williams College","1990, M.A., Central Michigan University",
"Fein,Steven",Professor of Psychology,Psychology Department,"1986, A.B., Princeton University",,"1991, Ph.D., University of Michigan"
"Feldman,Ronald L.","Artist in Residence in Orchestral and Instrumental Activities/Lecturer in Music, Director of the Berkshire Symphony",Music Department,"1971, B.M., Boston University",,
"Filipczak,Zirka Z.",J. Kirk T. Varnedoe '67 Professor of Art,Art Department,"1964, B.A., Barnard College","1965, M.A., Harvard University","1973, Ph.D., Harvard University"
"Fisher,Jessica M.",Assistant Professor of English,English Department,"1998, B.A., Swarthmore College","2003, M.A., University of California, Berkeley","2009, Ph.D., University of California, Berkeley"
"Fix,Stephen E.",Robert G Scott '68 Professor of English,English Department,"1974, B.A., Boston College","1977, M.A., Cornell University","1980, Ph.D., Cornell University"
"Foias,Antonia E.",Professor of Anthropology,Anthropology and Sociology,"1987, B.A., Harvard University",,"1996, Ph.D., Vanderbilt University"
"Ford,VaNatta S.",Visiting Assistant Professor of Africana Studies,Africana Studies,"2000, B.S., Illinois State University","2005, M.Div., Howard University","2011, Ph.D., Howard University"
"Forkey,Kevin R.",Lecturer in Physics,Physics Department,"1981, B.A., Cornell University",,
"Fortunato,Michael",Visiting Professor of Economics,Economics Department,"1976, A.B., Columbia University","1982, M.A., Harvard University","1984, Ph.D., Harvard University"
"Fox,Soledad",Professor of Romance Languages,Romance Languages Department,"1990, B.A., Sarah Lawrence College","1997, M.A., City University of New York","2001, Ph.D., City University of New York"
"French,Jennifer L.",Professor of Spanish,Romance Languages Department,"1995, B.A., College of William and Mary","1997, M.A., Rutgers University","2001, Ph.D., Rutgers University"
"Freund,Stephen N.",Professor of Computer Science,Computer Science Department,"1995, B.S., Stanford University","1998, M.S., Stanford University","2000, Ph.D., Stanford University"
"Friedman,Rachel A.",Mellon Postdoctoral Fellow in Arabic Literature,Comparative Literature Program,"2010, A.B., Georgetown University","2011, M.A., University of California, Berkeley","2015, Ph.D., University of California, Berkeley"
"Garbarini,Alexandra",Associate Professor of History,History Department,"1994, B.A., Williams College","1997, M.A., University of California, Los Angeles","2003, Ph.D., University of California, Los Angeles"
"Gardner,Sarah S.",Lecturer in Environmental Studies,Center for Environmental Studies,"1985, B.A., Smith College","1989, M.P.A., Columbia University","2000, Ph.D., City University of New York"
"Garrity,Thomas A.","William R. Kenan, Jr. Professor of Mathematics",Mathematics and Statistics,"1981, B.S., University of Texas, Austin",,"1986, Ph.D., Brown University"
"Gentry,William M.",Professor of Economics,Economics Department,"1986, B.S., Massachusetts Institute of Technology","1991, M.A., Princeton University","1991, Ph.D., Princeton University"
"Gerrard,Steven B.",Professor of Philosophy,Philosophy Department,"1978, B.A., Amherst College","1982, M.A., University of Chicago","1987, Ph.D., University of Chicago"
"Gholz,Charles E.",Stanley Kaplan Visiting Professor of American Foreign Policy,Leadership Studies Program,"1992, B.S., Massachusetts Institute of Technology",,"2000, Ph.D., Massachusetts Institute of Technology"
"Gibson,Matthew D.",Assistant Professor of Economics,Economics Department,"2005, A.B., Harvard University",,"2015, Ph.D., University of California, San Diego"
"Gilbert,Lisa A.",Associate Professor of Geosciences and Marine Sciences,Geosciences Department,"1997, A.B., Dartmouth College","1999, M.S., University of Washington","2004, Ph.D., University of Washington"
"Gillis,Meghan K.",Assistant Professor of Physical Education and Head Coach of Women's Ice Hockey,Athletics Department,"2007, B.A., Bowdoin College","2009, M.S., University of Massachusetts, Amherst",
"Glier,Michael A.",Professor of Art,Art Department,"1976, B.A., Williams College","1977, M.A., Hunter College, City University of New York",
"Godlonton,Susan",Assistant Professor of Economics,Economics Department,"2003, B.A., University of CapeTown","2007, M.A., University of CapeTown","2013, Ph.D., University of Michigan"
"Goh,Christopher",Associate Professor of Chemistry,Chemistry Department,"1989, B.S., University of Durham",,"1996, Ph.D., Harvard University"
"Goh,Sarah L.",Associate Professor of Chemistry,Chemistry Department,"1996, B.S., University of Michigan","1998, M.S., University of Massachusetts, Amherst","2004, Ph.D., University of California, Berkeley"
"Goldmakher,Leo I.",Assistant Professor of Mathematics,Mathematics and Statistics,"2004, B.A., Princeton University",,"2009, Ph.D., University of Michigan"
"Goldstein,Barry",Visiting Professor of Humanities,Humanities Department,"1973, B.S., Union College","1976, M.S., University of Rochester","1982, Ph.D., University of Rochester"
"Goldstein,Darra J.",Willcox B. and Harriet M. Adsit Professor of Russian,German and Russian Department,"1973, B.A., Vassar College","1976, M.A., Stanford University","1983, Ph.D., Stanford University"
"Gollin,Edward",Professor of Music,Music Department,"1992, B.S., Massachusetts Institute of Technology","1995, M.A., Queens College","2000, Ph.D., Harvard University"
"Gordinier,Glenn S.",Senior Lecturer in Maritime Studies,Williams-Mystic Program,"1969, B.A., West Chester University","1981, M.A., Lehigh University","2001, Ph.D., University of Connecticut"
"Gotlieb,Marc",Director of the Graduate Program in Art History and Class of 1955 Memorial Professor of Art,Graduate Program in Art History,"1980, B.A., University of Toronto","1984, M.A., Johns Hopkins University","1990, Ph.D., Johns Hopkins University"
"Granado,Alma M.",C3 Mellon Postdoctoral Fellow in Latina/o Studies,Latina/o Studies Program,"2006, B.A., University of Texas, San Antonio","2008, M.A., University of California, Berkeley","2014, Ph.D., University of California, Berkeley"
"Greenberg,Daniel R.",Assistant Professor of Physical Education and Head Coach of Men's Tennis,Athletics Department,"2008, B.A., Williams College","2013, M.Ed., Massachusetts College of Liberal Arts",
"Greenstein,Judd S.","Arthur Levitt, Jr. '52 Artist-in-Residence in Music",Music Department,"2001, B.A., Williams College","2004, M.M., Yale University",
"Gurcay-Morris,David E.",Associate Professor of Theatre,Theatre Department,"1996, B.A., Williams College","2001, M.F.A., University of Washington",
"Gutschow,Kim I.",Lecturer in Religion and Anthropology/Sociology,Religion Department,"1988, B.A., Harvard University","1995, M.A., Harvard University","1998, Ph.D., Harvard University"
"Hall,Catherine R.",Lecturer in Maritime Studies,Williams-Mystic Program,"1985, B.A., University of Rhode Island",,"1989, J.D., Vermont Law School"
"Hane,Amie A.",Associate Professor of Psychology,Psychology Department,"1996, B.A., University of Maryland","1999, M.A., University of Maryland","2002, Ph.D., University of Maryland"
"Harrington,Nicole T.",Visiting Assistant Professor of Psychology,Psychology Department,"1987, B.A., Boston College",,"1995, Ph.D., University of Vermont"
"Haut,Kristen M.",Visiting Assistant Professor of Psychology,Psychology Department,"2002, B.A., Washington University","2007, M.A., University of Minnesota","2010, Ph.D., University of Minnesota"
"Haxthausen,Charles W.",Robert Sterling Clark Professor of Art History,Art Department,"1966, B.A., University of Saint Thomas, Housto","1969, M.A., Columbia University","1976, Ph.D., Columbia University"
"He,Man",Assistant Professor of Chinese,Asian Studies Department,"2000, B.A., Renmin University","2009, M.A., Ohio State University","2015, Ph.D., Ohio State University"
"Heatherington,Laurie",Edward Dorr Griffin Professor of Psychology,Psychology Department,"1976, B.A., Miami University",,"1981, Ph.D., University of Connecticut"
"Hedreen,Guy M.",Professor of Art,Art Department,"1981, B.A., Pomona College","1983, M.A., Bryn Mawr College","1988, Ph.D., Bryn Mawr College"
"Heeringa,Brent A.",Chair and Associate Professor of Computer Science,Computer Science Department,"1999, B.A., University of Minnesota","2002, M.S., University of Massachusetts, Amherst","2006, Ph.D., University of Massachusetts, Amherst"
"Heggeseth,Brianna C.",Assistant Professor of Statistics,Mathematics and Statistics,"2008, B.A., Saint Olaf College",,"2013, Ph.D., University of California, Berkeley"
"Heller,Peter S.",Visiting Professor of Economics,Economics Department,"1967, B.A., Trinity College",,"1972, Ph.D., Harvard University"
"Herman,Kristin M.","Assistant Professor of Physical Education, Head Softball Coach",Athletics Department,"1986, B.A., Tufts University","1989, M.A., Tufts University",
"Heuer,Christopher P.",Lecturer in the Graduate Program in Art History,Graduate Program in Art History,"1994, A.B., Bowdoin College","1997, A.M., University of Southern California","2003, Ph.D., University of California, Berkeley"
"Hidalgo,Jacqueline",Assistant Professor of Latina/o Studies and Religion,Religion Department,"2000, B.A., Columbia University","2003, M.A., Union Theological Seminary","2010, Ph.D., Claremont Graduate University"
"Hillman,Joshua D.",Lecturer in Physical Education and Head Men's Golf Coach,Athletics Department,"2000, B.A., University of Rhode Island",,
"Hirsch,Alan",Lecturer in Humanities,Humanities Department,"1981, B.A., Amherst College",,"1985, J.D., Yale University"
"Hirsch,Marjorie W.",Chair and Professor of Music,Music Department,"1982, B.A., Yale University","1985, M.Phil., Yale University","1989, Ph.D., Yale University"
"Hoey,Nathan D.","Assistant Professor of Physical Education, Head Women's Track & Field Coach",Athletics Department,"2000, B.S., Slippery Rock University",,
"Holzapfel,Amy S.",Chair and Associate Professor of Theatre,Theatre Department,"1996, B.A., Brown University","2001, M.F.A., Yale School of Drama","2006, D.F.A., Yale School of Drama"
"Honderich,Kiaran","Lecturer in Women's, Gender and Sexuality Studies","Women, Gender & Sexuality Studies","1983, B.A., Oxford University","1984, M.A., Columbia University","1991, Ph.D., University of Massachusetts, Amherst"
"Honecker,Scott D.",Assistant Professor of Physical Education and Head Coach of Wrestling,Athletics Department,"2010, B.S., East Carolina University",,
"Hoppin,Meredith C.",Frank M Gagliardi Professor of Classics,Classics Department,"1972, B.A., Carleton College","1973, M.A., University of Michigan","1976, Ph.D., University of Michigan"
"Howe,Catherine N.",Visiting Assistant Professor of Art,Art Department,"1997, B.A., Barnard College","2005, M.A., University of California, Santa Barbara","2012, Ph.D., University of California, Santa Barbara"
"Howe,Nicolas C.",Assistant Professor of Environmental Studies and Faculty Affiliate in Anthropology and Sociology,Center for Environmental Studies,"1998, B.A., Columbia University","2003, M.A., University of California, Los Angeles","2009, Ph.D., University of California, Los Angeles"
"Huang,Vivian L.","Gaius Charles Bolin Fellow in Women's, Gender, and Sexuality Studies and Comparative Literature","Women, Gender & Sexuality Studies","2008, B.A., University of California, Berkeley","2009, M.A., New York University",
"Huguet,Joan C.",Visiting Assistant Professor of Music,Music Department,"2008, B.A., Rhodes College","2010, M.A., McGill University","2015, Ph.D., University of Rochester"
"Israel,Jeffrey I.",Assistant Professor of Religion,Religion Department,"1999, B.A., Oberlin College","2001, M.A., University of Chicago","2011, Ph.D., University of Chicago"
"Jackall,G. Robert",Willmott Family Third Century Professor Sociology & Public Affairs,Anthropology and Sociology,"1963, B.A., Fordham University","1964, Ph.L, Woodstock College, Saint Ignatius","1976, Ph.D., New School for Social Research"
"Jackson,Charles F.",Visiting Assistant Professor of Art,Art Department,"1984, B.F.A., Virginia Commonwealth University","1990, M.F.A., University of California, Davis",
"Jacobson,Sarah A.",Assistant Professor of Economics,Economics Department,"1998, B.S., Harvey Mudd College","2005, M.A., Georgia State University","2010, Ph.D., Georgia State University"
"Jaffe,Andrew W.",Lyell B. Clay Artist in Residence in Jazz and Senior Lecturer in Music,Music Department,"1973, B.A., Saint Lawrence University","1977, M.M., University of Massachusetts, Amherst",
"James,Joy A.",Francis Christopher Oakley Third Century Professor of Humanities,Humanities Department,"1980, B.A., Saint Mary's University","1982, M.A., Fordham University","1987, Ph.D., Fordham University"
"Jang,Ju-Yu Scarlett",Professor of Art,Art Department,"1969, B.A., National Cheng-Chih University","1984, M.A., University of California, Berkeley","1989, Ph.D., University of California, Berkeley"
"Johnson III,Eugene J.",Amos Lawrence Professor of Art,Art Department,"1959, B.A., Williams College","1963, M.A., New York University Institute of Fine Arts","1970, Ph.D., New York University Institute of Fine Arts"
"Johnson,Cathy M.",Professor of Political Science,Political Science Department,"1979, B.A., Dartmouth College",,"1986, Ph.D., University of Michigan"
"Johnson,Markes E.","Charles L. MacMillan Professor of Natural Science, Emeritus",Geosciences Department,"1971, B.A., University of Iowa",,"1977, Ph.D., University of Chicago"
"Johnson,S. Elizabeth",Professor of Art,Art Department,"1992, B.A., Williams College","1995, M.F.A., University of California, San Diego",
"Johnson,Stewart D.",Professor of Mathematics,Mathematics and Statistics,"1979, B.A., Fort Lewis College",,"1985, Ph.D., Stanford University"
"Johnson-DeBaufre,Melanie",Croghan Bicentennial Visiting Professor of Religion,Religion Department,"1988, B.A., Eastern University","1992, M.Phil., Harvard University","2002, D.Th., Harvard University"
"Johnston,Walter A.",Visiting Assistant Professor of English,English Department,"2002, B.A., Bard College","2007, M.A., Princeton University","2012, Ph.D., Princeton University"
"Jones,Kevin M.",William Edward McElfresh Professor of Physics,Physics Department,"1977, B.A., Williams College",,"1983, Ph.D., Stanford University"
"Josephson,Jason A.",Associate Professor of Religion,Religion Department,"1999, B.A., Hampshire College","2001, M.A., Harvard University","2006, Ph.D., Stanford University"
"Just,Peter",Professor of Anthropology,Anthropology and Sociology,"1972, B.A., University of Chicago","1979, M.A., University of Pennsylvania","1986, Ph.D., University of Pennsylvania"
"Kagaya,Shinko",Professor of Japanese,Asian Studies Department,"1989, B.A., Aoyama Gakuin University","1991, M.A., Ohio State University","1999, Ph.D., Ohio State University"
"Kangas,William R.",Assistant Professor of Physical Education and Head Men's Ice Hockey Coach,Athletics Department,"1982, B.A., University of Vermont","1994, M.Ed., Massachusetts College of Liberal Arts",
"Kapadia,Aparna",Assistant Professor of History,History Department,"1998, B.A., Saint Xavier's College, Mumbai Uni","2005, M.Phil., Jawaharlal Nehru University","2010, Ph.D., University of London"
"Kaplan,Lawrence J.",Halford R Clark Professor of Natural Sciences,Chemistry Department,"1964, B.S., University of Pittsburgh",,"1970, Ph.D., Purdue University"
"Karabinos,Paul M.",Charles L. MacMillan Professor in Natural Sciences,Geosciences Department,"1975, B.S., University of Connecticut",,"1981, Ph.D., Johns Hopkins University"
"Kassin,Saul M.",Massachusetts Professor of Psychology,Psychology Department,"1974, B.S., Brooklyn College","1976, M.A., University of Connecticut","1978, Ph.D., University of Connecticut"
"Kelanic,Rosemary A.",Assistant Professor of Political Science,Political Science Department,"2002, B.A., Bryn Mawr College","2003, M.A., University of Chicago","2012, Ph.D., University of Chicago"
"Kelsey,Christiann L.",Assistant Professor of Physical Education and Head Women's Volleyball Coach,Athletics Department,"2000, B.S., Purdue University","2012, M.S., Northeastern University",
"Kelton,Aaron E.",Assistant Professor of Physical Education and Head Coach of Football,Athletics Department,"1991, B.S., Springfield College",,
"Kent,Kathryn R.",Professor of English,English Department,"1988, B.A., Williams College","1993, M.A., Duke University","1996, Ph.D., Duke University"
"Kieffer,Bruce",Professor of German,German and Russian Department,"1973, B.A., Columbia University",,"1979, Ph.D., Princeton University"
"Kieffer,Elizabeth A.",Lecturer in German,German and Russian Department,"1977, B.A., Rutgers University",,
"Kiel,Douglas M.",Assistant Professor of American Studies and Faculty Affiliate in History,American Studies Program,"2005, B.A., University of Wisconsin, Whitewater","2007, M.A., University of Wisconsin, Madison","2012, Ph.D., University of Wisconsin, Madison"
"King,Richard J.",Lecturer in Maritime Studies,Williams-Mystic Program,"1992, B.A., Drew University","2004, M.A., Wesleyan University","2006, Ph.D., University of Saint Andrews"
"Kirby,Kris N.",Professor of Psychology,Psychology Department,"1985, B.A., Marshall University",,"1991, Ph.D., Harvard University"
"Kittleson,Roger A.",Professor of History,History Department,"1985, B.A., Northwestern University","1990, M.A., University of Wisconsin, Madison","1997, Ph.D., University of Wisconsin, Madison"
"Kleiner,John E.",Professor of English,English Department,"1983, B.A., Amherst College","1988, M.A., Stanford University","1991, Ph.D., Stanford University"
"Klingenberg,Bernhard",Associate Professor of Statistics,Mathematics and Statistics,"1996, B.A., Technical University","1998, M.S., Technical University","2004, Ph.D., University of Florida"
"Knibbs,Eric C.",Assistant Professor of History and Faculty Affiliate in Religion,History Department,"2004, B.A., University of Pennsylvania",,"2009, Ph.D., Yale University"
"Kohler,Pia M.",Assistant Professor of Environmental Studies,Center for Environmental Studies,"1998, B.S., McGill University","2001, M.E.S., Yale School of Forestry&Envir","2006, Ph.D., Massachusetts Institute of Technology"
"Kohut,Thomas A.",Sue and Edgar Wachenheim III Professor of History,History Department,"1972, B.A., Oberlin College","1975, M.A., University of Minnesota","1983, Ph.D., University of Minnesota"
"Kolb,Anjuli F.",Assistant Professor of English,English Department,"2003, B.A., Columbia University","2008, M.Phil., Columbia University","2013, Ph.D., Columbia University"
"Kolbert,Elizabeth R.",Class of 1946 Environmental Fellow-in-Residence,Center for Environmental Studies,"1983, B.A., Yale University",,
"Kone,Christophe A.",Assistant Professor of German,German and Russian Department,,"2006, M.A., Universite Lumiere Lyon 2","2013, Ph.D., Rutgers University"
"Kornell,Nathan",Associate Professor of Psychology,Psychology Department,"1996, B.A., Reed College","2001, M.A., Columbia University","2005, Ph.D., Columbia University"
"Kubler,Cornelius C.",Stanfield Professor of Asian Studies,Asian Studies Department,"1972, B.A., Cornell University","1978, M.A., National Taiwan University","1981, Ph.D., Cornell University"
"Kurkowicz,Joanna","Lyell B. Clay Artist in Residence, Violin and Concertmaster, Berkshire Symphony",Music Department,,"1994, M.M., University of Massachusetts, Amherst",
"Kuster,Steven J.",Assistant Professor of Physical Education and Head Swim Coach,Athletics Department,"1993, B.A., University of Pennsylvania","1999, M.Ed., Harvard University",
"Kuttner,Kenneth N.",Chair Robert F. White Class of 1952 Professor of Economics,Economics Department,"1982, B.A., University of California, Berkeley",,"1989, Ph.D., Harvard University"
"Kwitter,Karen B.",Chair and Ebenezer Fitch Professor of Astronomy,Astronomy Department,"1972, B.A., Wellesley College","1974, M.A., University of California, Los Angeles","1979, Ph.D., University of California, Los Angeles"
"LaLumia,Sara",Associate Professor of Economics,Economics Department,"2000, B.A., Youngstown State University",,"2006, Ph.D., University of Michigan"
"Laleian,Aida",Professor of Art,Art Department,"1978, B.F.A., Art Institute of Chicago","1980, M.F.A., University of California, Davis",
"Lawrence,Edwin I.","Artist Associate in Harpsichord, Piano and Organ and Instructor in Music",Music Department,"1969, B.M., State University of New York, Fredonia",,
"Lebestky,Tim J.",Assistant Professor of Biology,Biology Department,"1995, B.S., University of Kansas",,"2002, Ph.D., University of California, Los Angeles"
"Lee,Joel G.",Assistant Professor of Anthropology,Anthropology and Sociology,"1998, B.A., Kenyon College","2008, M.A., Columbia University","2015, Ph.D., Columbia University"
"Lee,Seulghee",C3 Mellon Postdoctoral Fellow in English,English Department,"2007, B.A., Williams College",,"2014, Ph.D., University of California, Berkeley"
"Leight,Jessica E.",Assistant Professor of Economics,Economics Department,"2006, B.A., Yale University","2008, M.Phil., Oxford University","2013, Ph.D., Massachusetts Institute of Technology"
"Lemieux,Jason R.",Assistant Professor of Physical Education and Head Nordic Ski Coach,Athletics Department,"2001, B.A., Williams College",,
"Lenhart,William J.",A. Barton Hepburn Professor of Computer Science,Computer Science Department,"1977, B.S., Saint Josephs College","1979, M.A., Dartmouth College","1983, Ph.D., Dartmouth College"
"Levin,Steven P.",Professor of Art,Art Department,"1976, B.A., Reed College","1980, M.F.A., University of California, Davis",
"Levine,Kelsey",Assistant Professor of Physical Education and Head Alpine Ski Coach,Athletics Department,"2010, B.A., Williams College",,
"Levy,Zafrir",Assistant Professor of Physical Education and Head Squash Coach,Athletics Department,"2001, B.A., Williams College",,
"Lewis,Michael J.",Faison-Pierson-Stoddard Professor of Art History,Art Department,"1980, B.A., Haverford College",,"1989, Ph.D., University of Pennsylvania"
"Lewis,Scott A.",Assistant Professor of Physical Education and Director of Outing Club,Athletics Department,"1980, B.S., Stanford","1985, M.Ed., Stanford",
"Li,Nini",Visiting Lecturer in Chinese,Asian Studies Department,"2004, B.A., Shanxi Teachers University","2007, M.A., Beijing Language&Culture Uni",
"Limon,John K.",Chair and John J. Gibson Professor of English,English Department,"1974, B.A., Harvard University",,"1981, Ph.D., University of California, Berkeley"
"Lindo,Haydee M. A.",Gaius Charles Bolin Fellow in Mathematics,Mathematics and Statistics,"2008, B.A., Williams College","2012, M.S., University of Nebraska, Lincoln",
"Livingstone,Robert A.","Lecturer in Physical Education, Head Strength and Conditioning Coach",Athletics Department,"2000, B.S., Jacksonville State University","2001, M.S., Jacksonville State University",
"Loepp,Susan R.",Professor of Mathematics,Mathematics and Statistics,"1989, B.S., Bethel College",,"1994, Ph.D., University of Texas, Austin"
"Long,Margaret G.",Professor of History,History Department,"1989, B.A., Wesleyan University","1994, M.A., University of Chicago","2003, Ph.D., University of Chicago"
"Love,David A.",Associate Professor of Economics,Economics Department,"1996, B.A., University of Michigan","1998, M.A., Yale University","2003, Ph.D., Yale University"
"Lovett Jr.,Charles M.",Philip and Dorothy Schein Professor of Chemistry,Chemistry Department,"1979, B.S., California State Polytech University","1980, M.S., California State Polytech University","1985, Ph.D., Cornell University"
"Low,Peter D.",Chair and Professor of Art,Art Department,"1994, B.A., University of Toronto","1995, M.A., Johns Hopkins University","2001, Ph.D., Johns Hopkins University"
"Lynch,Daniel V.",Professor of Biology,Biology Department,"1979, B.S., University of Massachusetts, Lowell",,"1983, Ph.D., University of Texas, Austin"
"MacDonald,Michael D.",Frederick L. Schuman Professor of International Relations,Political Science Department,"1972, B.A., University of California, Berkeley","1974, M.A., University of California, Berkeley","1983, Ph.D., University of California, Berkeley"
"MacIntire,Jennifer L.",Lecturer in Biology and Chemistry,Biology Department,"1992, B.A., University of Vermont",,
"Mahon Jr.,James E.",Woodrow Wilson Professor of Political Science,Political Science Department,"1977, B.A., Dartmouth College","1983, M.A., University of California, Berkeley","1989, Ph.D., University of California, Berkeley"
"Majumder,Protik K.",Professor of Physics,Physics Department,"1982, B.S., Yale University",,"1989, Ph.D., Harvard University"
"Maloney,Katherine S.",Assistant Professor of Physical Education and Head Coach of Women's Crew,Athletics Department,"2001, B.A., University of Washington",,
"Manigault-Bryant,James A.",Associate Professor of Africana Studies and Faculty Affiliate in Anthropology and Sociology and Religion,Africana Studies,"1995, B.A., Tulane University",,"2002, Ph.D., Brown University"
"Manigault-Bryant,LeRhonda S.",Associate Professor of Africana Studies and Faculty Affiliate in Religion,Africana Studies,"1999, A.B., Duke University","2002, M.Div., Emory University","2007, Ph.D., Emory University"
"Manning,Patricia M.",Assistant Professor of Physical Education and Head Women's Basketball Coach,Athletics Department,"1977, B.S., State University of New York, Cortland","1988, M.S., Smith College",
"Marcus,George E.",Professor of Political Science,Political Science Department,"1964, B.A., Columbia University","1965, M.A., Northwestern University","1968, Ph.D., Northwestern University"
"Maroja,Luana S.",Assistant Professor of Biology,Biology Department,"1999, B.S., University Federal do Rio de Janei","2001, M.S., University Federal do Rio de Janei","2008, Ph.D., Cornell University"
"Marsit,Matthew M.",Artist-in-Residence in Winds and Director of the Wind Ensemble,Music Department,"2003, B.M., Temple University","2012, M.M., Boston Conservatory",
"Martin,Brian",Associate Professor of French and Comparative Literature,Romance Languages Department,"1993, A.B., Harvard University","1999, M.A., Harvard University","2003, Ph.D., Harvard University"
"Martinez-Raguso,Michael",Visiting Assistant Professor of Spanish,Romance Languages Department,"2006, B.A., Loyola University of Chicago","2009, M.A., Loyola University of Chicago","2015, Ph.D., State University of New York, Buffalo"
"Marvin,Martha J.",Lecturer in Neuroscience,Neuroscience Program,"1984, B.A., University of California, Berkeley",,"1995, Ph.D., Massachusetts Institute of Technology"
"Mason,Christine L.",Assistant Professor of Physical Education and Head Women's Lacrosse Coach,Athletics Department,"1978, B.S., Pennsylvania State University","1986, M.Ed., Boston University",
"McAllister,James",Chair and Fred Greene Third Century Professor of Political Science,Political Science Department,"1986, B.A., State University of New York, Buffalo","1989, M.A., Columbia University","1999, Ph.D., Columbia University"
"McCormack,George M.","Assistant Professor of Physical Education, Head Men's Lacrosse and Assistant Football Coach",Athletics Department,"1987, B.S., Ithaca College","2007, M.Ed., Boston University",
"McGowan,Elizabeth P.",Professor of Art,Art Department,"1979, B.A., Princeton University","1981, M.A., New York University Institute of Fine Arts","1983, Ph.D., New York University Institute of Fine Arts"
"McGuire,Morgan S.",Associate Professor of Computer Science,Computer Science Department,"2000, B.S., Massachusetts Institute of Technology","2003, M.S., Brown University","2006, Ph.D., Brown University"
"McPartland,Keith E.",Associate Professor of Philosophy,Philosophy Department,"1994, B.A., Rutgers University","1998, M.A., Cornell University","2007, Ph.D., Cornell University"
"McWeeny,Gage C.",Associate Professor of English,English Department,"1993, B.A., Columbia University","1998, M.A., Princeton University","2003, Ph.D., Princeton University"
"Melendy,Lisa M.","Chair, Director of Athletics and Assistant Professor in Physical Education",Athletics Department,"1982, A.B., Smith College","1985, M.S., University of Massachusetts, Amherst",
"Mellow,Nicole E.",Professor of Political Science,Political Science Department,"1992, B.A., Vassar College",,"2003, Ph.D., University of Texas, Austin"
"Merrill,Karen R.",Chair & Frederick Rudolph '42 - Class of 1965 Professor of American Culture,History Department,"1986, B.A., Oberlin College","1988, M.A., University of Denver","1994, Ph.D., University of Michigan"
"Mientkiewicz,Jason E.",Visiting Lecturer in Art,Art Department,"2011, A.B., Vassar College","2015, M.A., Williams College",
"Miles,Carolyn D.",Assistant Professor of Physical Education and Associate Director/Student Athlete Services,Athletics Department,"1998, B.S., University of New Hampshire","2008, M.S., Columbia University",
"Miller,Steven J.",Associate Professor of Mathematics,Mathematics and Statistics,"1996, B.S., Yale University","1998, M.A., Princeton University","2002, Ph.D., Princeton University"
"Mitchell,Gregory C.","Assistant Professor of Women's, Gender and Sexuality Studies and Faculty Affiliate in Anthropology/Sociology","Women, Gender & Sexuality Studies","2000, B.S., Illinois State University","2007, M.A., University of Chicago","2012, Ph.D., Northwestern University"
"Mladenovic,Bojana",Associate Professor of Philosophy,Philosophy Department,"1984, B.A., University of Belgrade","1987, M.A., McGill University","1996, Ph.D., University of California, Berkeley"
"Moher,Jeffrey S.",Visiting Assistant Professor of Psychology,Psychology Department,"2006, B.S., University of Michigan, Ann Arbor","2008, M.A., Johns Hopkins University","2011, Ph.D., Johns Hopkins University"
"Moher,Mariko",Assistant Professor of Psychology,Psychology Department,"2005, B.A., Yale University","2007, M.A., Johns Hopkins University","2011, Ph.D., Johns Hopkins University"
"Montiel,Peter J.","Fairleigh S. Dickinson, Jr. '41 Professor of Economics",Economics Department,"1973, B.A., Yale University",,"1973, Ph.D., Massachusetts Institute of Technology"
"Morales,Manuel A.",Professor of Biology,Biology Department,"1994, A.B., Kenyon College",,"1999, Ph.D., University of Connecticut"
"Morgan,Frank",Chair and Webster Atwell - Class of 1921 Professor of Mathematics,Mathematics and Statistics,"1974, B.S., Massachusetts Institute of Technology","1976, M.A., Princeton University","1977, Ph.D., Princeton University"
"Munemo,Ngonidzashe",Associate Professor of Political Science,Political Science Department,"2000, B.A., Bard College","2001, M.A., Columbia University","2008, Ph.D., Columbia University"
"Muparutsa,Tendai","Artist in Residence in African Music Performance, Lecturer in Music, Director of Zambezi, Co-Director of Kusika",Music Department,,,"2012, Ph.D., University of Alberta"
"Murphy,Peter T.",John Hawley Roberts Professor of English,English Department,"1981, B.A., Yale University",,"1986, Ph.D., Johns Hopkins University"
"Murtagh,Thomas P.",Professor of Computer Science,Computer Science Department,"1974, A.B., Princeton University","1976, M.S., Cornell University","1983, Ph.D., Cornell University"
"Mutongi,Kenda B.",Professor of History,History Department,"1989, B.A., Coe College","1993, M.A., University of Virginia","1996, Ph.D., University of Virginia"
"Nafziger,Steven E.",Associate Professor of Economics,Economics Department,"2000, B.A., Northwestern University","2002, M.A., Yale University","2003, Ph.D., Yale University"
"Nduwumwami,Asvelt J.",Instructor in Chemistry,Chemistry Department,"2013, B.A., Williams College",,
"Newman,Gail M.",Harold J. Henry Professor of German,German and Russian Department,"1976, B.A., Northwestern University","1981, M.A., University of Minnesota","1984, Ph.D., University of Minnesota"
"Nicastro,Anthony J.",Visiting Professor of Romance Languages,Romance Languages Department,"1962, B.A., New York University","1964, M.A., New York University","1971, Ph.D., Columbia University"
"Nishizaki,Michael T.",Visiting Assistant Professor of Marine Sciences,Williams-Mystic Program,"1998, B.S., University of N British Columbia","2009, M.S., University of Washington","2013, Ph.D., University of Washington"
"Njoya,Wairimu R.",Assistant Professor of Political Science,Political Science Department,"2002, B.A., Macalester College","2004, M.A., University of Amsterdam","2010, Ph.D., Rutgers University"
"Nolan Jr.,James L.",Professor of Sociology,Anthropology and Sociology,"1984, B.A., University of California, Davis","1992, M.A., University of Virginia","1995, Ph.D., University of Virginia"
"Nugent,Christopher M. B.",Associate Professor of Chinese,Asian Studies Department,"1991, B.A., Brown University",,"2004, Ph.D., Harvard University"
"Ockman,Carol J.",Professor of Art,Art Department,"1972, B.A., Stanford University","1975, M.A., Yale University","1982, Ph.D., Yale University"
"Oehlrich,Kristen L.",Postdoctoral Research Fellow in the Graduate Program in Art History,Graduate Program in Art History,"2000, B.A., State University of New York, Fredonia","2002, M.A., Stony Brook University","2013, Ph.D., Brown University"
"Olney,William W.",Assistant Professor of Economics,Economics Department,"2002, B.A., Wesleyan University",,"2010, Ph.D., University of Colorado"
"Olson Blair,Brooke Suzanne",Visiting Instructor in Chemistry,Chemistry Department,"2003, B.A., University of Saint Thomas, Housto","2005, M.S., University of California, Berkeley",
"Pacelli,Allison M.",Professor of Mathematics,Mathematics and Statistics,"1997, B.S., Union College",,"2003, Ph.D., Brown University"
"Palsson,Eyvindur A.",Assistant Professor of Mathematics,Mathematics and Statistics,"2006, B.S., University of Iceland","2009, M.S., Cornell University","2011, Ph.D., Cornell University"
"Park,Lee Y.",Professor of Chemistry,Chemistry Department,"1986, B.A., Wellesley College",,"1992, Ph.D., Massachusetts Institute of Technology"
"Park,Paul C.",Lecturer in English,English Department,"1975, B.A., Hampshire College",,
"Parra,Jamie L.",C3 Mellon Postdoctoral Fellow in American Studies,American Studies Program,"2007, B.A., New York University","2011, M.Phil., Columbia University",
"Pasachoff,Jay M.",Field Memorial Professor of Astronomy,Astronomy Department,"1963, A.B., Harvard University","1965, A.M., Harvard University","1969, Ph.D., Harvard University"
"Paul,Darel E.",Professor of Political Science,Political Science Department,"1990, B.A., University of Minnesota","1994, M.A., George Washington University","2000, Ph.D., University of Minnesota"
"Peacock-Lopez,Enrique",Professor of Chemistry,Chemistry Department,"1974, B.S., University Nac Autonoma","1976, M.S., University of California, Riverside","1982, Ph.D., University of California, San Diego"
"Pedroni,Julia A.",Lecturer in Philosophy,Philosophy Department,"1986, B.A., Wells College",,"1999, Ph.D., Georgetown University"
"Pedroni,Peter L.",Professor of Economics,Economics Department,"1986, B.A., Miami University","1993, M.A., Columbia University","1993, Ph.D., Columbia University"
"Perez Velazquez,Ileana",Professor of Music,Music Department,"1989, B.M., Higher Institute of Arts","1995, M.A., Dartmouth College","1999, D.M.A., Indiana University"
"Perez,Elena S.",Visiting Lecturer in Art,Art Department,"2011, B.F.A., Maryland Institute College of Art","2015, M.F.A., Yale University",
"Pethica,James L.",Senior Lecturer in English and Theatre,English Department,"1980, B.A., Oxford University",,"1987, Ph.D., Oxford University"
"Phelan,Gregory B.",Assistant Professor of Economics,Economics Department,"2007, B.A., Yale University","2012, M.Phil., Yale University","2014, Ph.D., Yale University"
"Pieprzak,Katarzyna M.","Chair and  Professor of Francophone Literature, French Language, and Comparative Literature",Romance Languages Department,"1995, B.A., Rice University","1998, M.A., University of Michigan","2001, Ph.D., University of Michigan"
"Pinard,Michelyne J.",Assistant Professor of Physical Education and Head Women's Soccer Coach,Athletics Department,"1998, B.A., Dartmouth College","2002, M.S., University of Pennsylvania",
"Podmore,Amy D.",Professor of Art,Art Department,"1982, B.S., State University of New York, Buffalo","1987, M.F.A., University of California, Davis",
"Prindle,Daniel E.",Visiting Instructor in Music,Music Department,"2003, B.M., Berklee College of Music","2011, M.M., University of Massachusetts, Amherst",
"Pye,Christopher L.",Class of 1924 Professor of English,English Department,"1975, B.A., Oberlin College","1977, M.A., University College","1984, Ph.D., Cornell University"
"Raab,Lawrence E.",Harry C. Payne Professor of Poetry,English Department,"1968, B.A., Middlebury College","1972, M.A., Syracuse University",
"Rai,Ashok S.",Associate Professor of Economics,Economics Department,"1992, B.A., Stanford University",,"1997, Ph.D., University of Chicago"
"Rawls,Will J.","Arthur Levitt, Jr. '52 Artist-in-Residence in Dance",Dance Department,"2000, B.A., Williams College",,
"Reinhardt,Anne",Associate Professor of History,History Department,"1990, B.A., Harvard University","1994, M.A., University of California, Berkeley","2002, Ph.D., Princeton University"
"Reinhardt,Mark T.",Class of 1956 Professor of American Civilization,Political Science Department,"1983, B.A., Wesleyan University",,"1991, Ph.D., University of California, Santa Cruz"
"Rhie,Bernard J.",Associate Professor of English,English Department,"1997, B.A., University of California, Berkeley","2001, M.A., University of Pennsylvania","2005, Ph.D., University of Pennsylvania"
"Richardson,David P.","William R. Kenan, Jr. Professor of Chemistry",Chemistry Department,"1979, B.S., University of Michigan",,"1984, Ph.D., University of California, Berkeley"
"Ringer-Hilfinger,Kathryn L.",Visiting Assistant Professor of Spanish,Romance Languages Department,"2003, B.A., State University of New York, Geneseo","2004, M.A., Middlebury College","2013, Ph.D., State University of New York, Albany"
"Roberts,Mary L.",Robert Sterling Clark Visiting Professor of Art History,Graduate Program in Art History,"1987, B.A., University of Sydney",,"1995, Ph.D., University of Melbourne"
"Roberts,Neil",Chair of Religion and Associate Professor of Africana Studies,Africana Studies,"1998, B.A., Brown University","2003, M.A., University of Chicago","2007, Ph.D., University of Chicago"
"Robin,Natalie R.",Visiting Lecturer in Theatre,Theatre Department,"2002, B.A., Columbia University","2008, M.F.A., Tisch School of Arts, New York University",
"Rodriguez,Maria T.",Gaius Charles Bolin Fellow in Art History,Art Department,"2005, B.A., Northwestern University","2011, M.A., University of Texas, Austin",
"Romero,Adam M.",C3 Mellon Postdoctoral Fellow in Environmental Studies,Center for Environmental Studies,"2005, B.A., University of California, Santa Cruz","2007, M.S., Oxford University","2015, Ph.D., University of California, Berkeley"
"Rosenheim,Shawn J.",Professor of English,English Department,"1985, B.A., Oberlin College","1988, M.A., Yale University","1993, Ph.D., Yale University"
"Rouhi,Leyla",Preston S. Parish '41 Third Century Professor of Romance Languages,Romance Languages Department,"1987, B.A., Oxford University","1988, M.A., Harvard University","1995, Ph.D., Harvard University"
"Rua,Merida M.",Associate Professor of Latina/o Studies and American Studies,Latina/o Studies Program,"1993, B.A., University of Illinois","1995, M.Ed., University of Illinois","2004, Ph.D., University of Michigan"
"Rubin,Benjamin B.",Assistant Professor of Classics,Classics Department,"2001, B.A., Macalester College",,"2008, Ph.D., University of Michigan, Ann Arbor"
"Rulikova Edwards,Marketa",Visiting Assistant Professor of Sociology,Anthropology and Sociology,"1996, B.A., University of Pardubice","1997, M.A., Central European University","2001, Ph.D., Polish Academy of Science"
"Saint-Just,Sophie F.",Visiting Assistant Professor of French Language and Francophone Cultures,Romance Languages Department,"1991, B.A., University of Paris VIII","2004, M.Phil., City University of New York","2013, Ph.D., City University of New York"
"Samson,Michael",Senior Lecturer in Economics,Economics Department,"1983, B.A., Yale University",,"1994, Ph.D., Stanford University"
"Sandstrom,Marlene J.",Hales Professor of Psychology  and Co-Director of the Williams-Exeter Programme at Oxford University,Psychology Department,"1991, B.A., Yale University","1993, M.A., Duke University","1996, Ph.D., Duke University"
"Sandstrom,Noah J.",Professor of Psychology and Co-Director of the Williams-Exeter Programme at Oxford University,Psychology Department,"1994, B.A., Knox College","1997, M.A., Duke University","1999, Ph.D., Duke University"
"Sangare,Omar A.",Associate Professor of Theatre,Theatre Department,,"1993, M.F.A., The Theatre Academy","2006, Ph.D., The Theatre Academy"
"Sarria,Alejandro",Visiting Assistant Professor of Mathematics,Mathematics and Statistics,"2008, B.S., University of New Orleans","2009, M.S., University of New Orleans","2012, Ph.D., University of New Orleans"
"Savage,Robert M.",Professor of Biology,Biology Department,"1987, B.A., Bowdoin College",,"1993, Ph.D., Wesleyan University"
"Savitsky,Kenneth K.",Professor of Psychology,Psychology Department,"1993, B.A., Indiana University",,"1997, Ph.D., Cornell University"
"Sawicki,Jana L.",Carl W. Vogt '58 Professor of Philosophy,Philosophy Department,"1974, B.A., Sweet Briar College","1978, M.A., Columbia University","1983, Ph.D., Columbia University"
"Schmidt,Lucille G.",Professor of Economics,Economics Department,"1993, A.B., Smith College","1997, M.A., University of Michigan","2003, Ph.D., University of Michigan"
"Sen,Arunava",Visiting Professor of Economics,Economics Department,"1978, B.A., University of Delhi","1980, M.A., University of Delhi","1987, Ph.D., Princeton University"
"Shaddock,Justin B.",Visiting Assistant Professor of Philosophy,Philosophy Department,"2004, B.A., University of Notre Dame",,"2011, Ph.D., University of Chicago"
"Shanks,Cheryl L.",Professor of Political Science,Political Science Department,"1983, B.A., University of California, Santa Cruz","1988, M.A., University of Michigan","1994, Ph.D., University of Michigan"
"Shepard,James R.","J. Leland Miller Professor of American History, Literature, and Eloquence",English Department,"1978, B.A., Trinity College","1980, M.F.A., Brown University",
"Shepard,Karen L.",Senior Lecturer in English,English Department,"1987, B.A., Williams College","1992, M.F.A., University of Houston",
"Sheppard,Stephen C.",Class of 2012 Professor of Economics,Economics Department,"1977, B.S., University of Utah","1979, M.A., Washington University","1984, Ph.D., Washington University"
"Sheppard,W. Anthony",Professor of Music,Music Department,"1991, B.A., Amherst College","1993, M.F.A., Princeton University","1996, Ph.D., Princeton University"
"Shevchenko,Olga",Chair and Associate Professor of Sociology,Anthropology and Sociology,"1996, B.A., Moscow State University","1997, M.A., Central European University","2002, Ph.D., University of Pennsylvania"
"Shin,Heeryoon",Visiting Assistant Professor of Art,Art Department,"2004, B.A., Seoul National University","2011, M.A., Yale University","2015, Ph.D., Yale University"
"Shoffstall,Grant W.",Visiting Assistant Professor of Sociology,Anthropology and Sociology,"2002, B.A., Illinois State University","2006, M.A., Illinois State University","2014, Ph.D., University of Illinois"
"Shore-Sheppard,Lara D.",Professor of Economics,Economics Department,"1991, B.A., Amherst College","1993, M.A., Princeton University","1996, Ph.D., Princeton University"
"Silva,Cesar E.",Hagey Family Professor of Mathematics,Mathematics and Statistics,"1977, B.S., Catholic University of Peru","1979, M.A., University of Rochester","1984, Ph.D., University of Rochester"
"Simko,Christina E.",Assistant Professor of Sociology,Anthropology and Sociology,"2005, B.A., Bridgewater College","2007, M.A., University of Virginia","2013, Ph.D., University of Virginia"
"Simpson,Marc A.",Lecturer in the Graduate Program in Art History,Graduate Program in Art History,"1975, B.A., Middlebury College","1978, M.A., Yale University","1993, Ph.D., Yale University"
"Singh,Kavita",Clark Oakley Fellow,Oakley Center for Humanities & Social Science,,"1987, M.F.A., Maharaja Sayajirao University-Ba","1996, Ph.D., Panjab University"
"Singham,Shanti M.",Professor of History,History Department,"1980, B.A., Swarthmore College","1982, M.A., Princeton University","1991, Ph.D., Princeton University"
"Siniawer,Eiko Maruko",Professor of History,History Department,"1997, B.A., Williams College","1999, M.A., Harvard University","2003, Ph.D., Harvard University"
"Smalarz,Laura A.",Assistant Professor of Psychology,Psychology Department,"2008, B.A., San Diego State University","2011, M.S., Iowa State University","2015, Ph.D., Iowa State University"
"Smesko,Kyle W.","Lecturer in Physical Education, Assistant Football Coach",Athletics Department,"1997, B.A., Allegheny College",,
"Smith,David C.",Senior Lecturer in Biology,Biology Department,"1968, B.S., Yale University",,"1977, Ph.D., University of Michigan"
"Smith,David L.",John W Chandler Professor of English,English Department,"1974, B.A., New College","1975, M.A., University of Chicago","1980, Ph.D., University of Chicago"
"Smith,Thomas E.",Professor of Chemistry,Chemistry Department,"1988, B.A., Williams College",,"1996, Ph.D., Stanford University"
"Sokolsky,Anita R.",Professor of English,English Department,"1974, B.A., Oberlin College","1979, M.A., Cornell University","1983, Ph.D., Cornell University"
"Solomon,Paul R.",Professor of Psychology,Psychology Department,"1970, B.A., State University of New York, New Paltz","1972, M.A., State University of New York, New Paltz","1975, Ph.D., University of Massachusetts, Amherst"
"Solum,Stefanie",Professor of Art,Art Department,"1991, B.A., University of Wisconsin, Madison","1995, M.A., University of California, Berkeley","2001, Ph.D., University of California, Berkeley"
"Souza,Steven P.",Senior Lecturer in Astronomy,Astronomy Department,"1973, B.S., Cooper Union",,"1979, Ph.D., State University of New York, Stony Brook"
"Spero,Patrick K.",Assistant Professor of History and Leadership Studies,History Department,"2000, B.A., James Madison University","2004, M.A., University of Pennsylvania","2009, Ph.D., University of Pennsylvania"
"Spindler,Fredrika I.",Richmond Visiting Professor of Philosophy,Philosophy Department,,,"1996, Ph.D., Paul Valery University"
"Stevenson,Doris J.","Lyell B. Clay Artist in Residence, Piano",Music Department,"1967, B.M., Arizona State University","1969, M.M., University of Southern California",
"Stoiciu,Mihai",Associate Professor of Mathematics,Mathematics and Statistics,"1999, B.S., University of Bucharest",,"2005, Ph.D., California Institute of Technology"
"Strait,Jefferson",Professor of Physics,Physics Department,"1975, A.B., Harvard University","1981, M.S., Brown University","1985, Ph.D., Brown University"
"Strauch,Frederick W.",Associate Professor of Physics,Physics Department,"1998, B.S., Loyola College",,"2004, Ph.D., University of Maryland"
"Strauch,Laura R.",Instructor in Chemistry,Chemistry Department,"1999, B.S., Loyola College",,
"Stroud,Catherine B.",Assistant Professor of Psychology,Psychology Department,"2002, B.A., University of Wisconsin, Madison","2006, M.A., State University of New York, Stony Broo","2009, Ph.D., State University of New York, Stony Brook"
"Sullivan,Erin L.","Assistant Professor of Physical Education, Head Men's Soccer Coach",Athletics Department,"1996, B.A., Williams College","2006, M.B.A., Western New England College",
"Swain,Alison M.",Assistant Professor of Physical Education and Head Coach of Women's Tennis,Athletics Department,"2001, B.A., Williams College","2006, M.Ed., University of Washington",
"Swamy,Anand V.",Professor of Economics,Economics Department,"1983, B.A., University of Delhi","1985, M.A., Delhi School of Economics","1993, Ph.D., Northwestern University"
"Swann,Karen E.",Morris Professor of Rhetoric,English Department,"1975, B.A., Oberlin College","1979, M.A., Cornell University","1983, Ph.D., Cornell University"
"Swift,Jane M.",Visiting Lecturer in Leadership Studies,Leadership Studies Program,"1987, B.A., Trinity College",,
"Swoap,Steven J.",Professor of Biology,Biology Department,"1990, B.A., Trinity University",,"1994, Ph.D., University of California, Irvine"
"Takenaga,Barbara E.",Mary A and William Wirt Warren Professor,Art Department,"1972, B.F.A., University of Colorado","1978, M.F.A., University of Colorado",
"Taurog,Rebecca E.",Assistant Professor of Chemistry,Chemistry Department,"2000, B.S., Brandeis University",,"2006, Ph.D., University of Michigan, Ann Arbor"
"Thoman Jr.,John W.",J. Hodge Markgraf Professor of Chemistry,Chemistry Department,"1982, B.A., Williams College",,"1987, Ph.D., Massachusetts Institute of Technology"
"Thorne,Christian",Associate Professor of English,English Department,"1995, B.A., Wesleyan University",,"2001, Ph.D., Duke University"
"Tifft,Stephen J.",Professor of English,English Department,"1975, B.A., Harvard University","1976, M.A., Cornell University","1984, Ph.D., Cornell University"
"Timberlake,Anicia C.",C3 Mellon Postdoctoral Fellow in Music,Music Department,"2005, A.B., Harvard University","2010, M.A., University of California, Berkeley","2015, Ph.D., University of California, Berkeley"
"Ting,Claire S.",Professor of Biology,Biology Department,"1986, B.A., Yale University","1989, M.S., Cornell University","1994, Ph.D., Cornell University"
"Traven,David J.",Visiting Assistant Professor of Political Science,Political Science Department,"2004, B.A., Ohio State University","2006, M.A., Ohio State University","2013, Ph.D., Ohio State University"
"Truman,Edwin M.",Visiting Professor of Economics,Economics Department,"1963, B.A., Amherst College","1964, M.A., Yale University","1967, Ph.D., Yale University"
"Tucker-Smith,David R.",Chair and Professor of Physics,Physics Department,"1995, B.A., Amherst College",,"2001, Ph.D., University of California, Berkeley"
"Turner,Damian L.",Assistant Professor of Biology,Biology Department,"2004, B.S., Morgan State University",,"2010, Ph.D., University of Connecticut"
"Vandiver,Joshua J.",Visiting Assistant Professor of Political Science,Political Science Department,"2004, A.B., Harvard University","2007, M.A., Princeton University","2012, Ph.D., Princeton University"
"Vargas,Armando",Assistant Professor in the Program of Comparative Literature,Comparative Literature Program,"1992, B.S., Georgetown University","1995, A.M., Harvard University","2006, Ph.D., University of California, Berkeley"
"Vasiliauskas,Emily K.",Assistant Professor of English,English Department,"2007, A.B., Harvard University","2009, M.A., London University","2015, Ph.D., Princeton University"
"Vena,Natalie B.",Gaius Charles Bolin Fellow in Anthropology and Environmental Studies,Anthropology and Sociology,"2004, B.A., Williams College","2005, M.Phil., University of Cambridge",
"Wadsworth,Zachary R.",Assistant Professor of Music,Music Department,"2005, B.M., University of Rochester","2007, M.M., Yale University","2012, D.M.A., Cornell University"
"Wagner,William G.",Brown Professor of History,History Department,"1974, B.Phil., Oxford University",,"1981, Ph.D., Oxford University"
"Wang,Dorothy J.",Associate Professor of American Studies and Faculty Affiliate in English,American Studies Program,"1985, B.A., Duke University","1993, M.A., Johns Hopkins University","1998, Ph.D., University of California, Berkeley"
"Waters,Christopher M.",Hans W. Gatzke '38 Professor of Modern European History,History Department,"1977, B.A., California State University, Long Beach","1979, M.A., Harvard University","1985, Ph.D., Harvard University"
"Watson,Tara E.",Associate Professor of Economics,Economics Department,"1996, B.A., Wesleyan University",,"2003, Ph.D., Harvard University"
"Wells,Bradley C.","Lyell B. Clay Artist in Residence and Director of Choral/Vocal Activities, Lecturer in Music",Music Department,"1984, B.A., Principia College","1998, M.M.A., Yale University","2005, D.M.A., Yale University"
"Wells,Peter S.","Assistant Professor of Physical Education, Coordinator of Men's and Women's Crew, and Head Coach of Men's Crew",Athletics Department,"1979, B.A., Williams College",,
"Whalen,Carmen T.",Professor of History,History Department,"1985, B.A., Hampshire College","1989, M.A., Rutgers University","1994, Ph.D., Rutgers University"
"White,Alan E.",Mark Hopkins Professor of Philosophy,Philosophy Department,"1972, B.A., Tulane University","1976, M.A., Pennsylvania State University","1980, Ph.D., Pennsylvania State University"
"Wilcox,Amanda R.",Chair and Associate Professor of Classics,Classics Department,"1996, B.A., Reed College","1999, M.A., University of Pennsylvania","2002, Ph.D., University of Pennsylvania"
"Williams,Heather",William Dwight Whitney Professor of Biology,Biology Department,"1977, A.B., Bowdoin College",,"1985, Ph.D., Rockefeller University"
"Williams,Mason B.",Visiting Assistant Professor of Leadership Studies,Leadership Studies Program,"2006, B.A., Princeton University","2009, M.A., Columbia University","2012, Ph.D., Columbia University"
"Williamson,Lauren L.",Visiting Assistant Professor of Psychology,Psychology Department,"2007, B.A., Williams College",,"2014, Ph.D., Duke University"
"Winters,Amy Gehring",Chair and  Professor of Chemistry,Chemistry Department,"1994, B.A., Williams College",,"1998, Ph.D., Harvard University"
"Wobus,Reinhard A.",Edna McConnell Clark Professor of Geology,Geosciences Department,"1962, B.A., Washington University","1963, M.A., Harvard University","1966, Ph.D., Stanford University"
"Wong,Kevin S.",James Phinney Baxter III Professor of History and Public Affairs,History Department,"1976, B.A., Rutgers University","1979, M.A., University of Michigan","1992, Ph.D., University of Michigan"
"Wood,James B.",Charles R. Keller Professor of History,History Department,"1968, B.A., Eckerd College","1985, M.A., Antioch New England Grad School","1973, Ph.D., Emory University"
"Wootters,William K.",Barclay Jermain Professor of Natural Philosophy,Physics Department,"1973, B.S., Stanford University",,"1980, Ph.D., University of Texas, Austin"
"Yamamoto,Kasumi",Professor of Japanese,Asian Studies Department,"1980, B.A., Aoyama Gakuin University","1994, M.A., Cornell University","2000, Ph.D., Cornell University"
"Yesnowitz,Joshua C.",Visiting Assistant Professor of Political Science,Political Science Department,"2001, B.A., Skidmore College","2003, M.A., Boston College","2014, Ph.D., Boston University"
"Yu,Li",Chair and Associate Professor of Chinese,Asian Studies Department,"1994, B.A., East China Normal University","1997, M.A., Ohio State University","2003, Ph.D., Ohio State University"
"Zaki,Safa R.",Professor of Psychology,Psychology Department,"1989, B.A., American University","1993, M.A., Arizona State University","1996, Ph.D., Arizona State University"
"Zimmerberg,Betty",Howard B. Schow '50 and Nan W. Schow Professor of Neuroscience,Psychology Department,"1971, B.A., Harvard University",,"1976, Ph.D., City University of New York"
"Zimmerman,David J.",Professor of Economics and Orrin Sage Professor of Political Economy,Economics Department,"1985, B.A., University of Toronto","1987, M.A., Princeton University","1992, Ph.D., Princeton University"
"van Ginhoven,Kristen M.",Visiting Lecturer in Theatre,Theatre Department,"2003, B.Ed., Queen's University","2010, M.A., Emerson College",
"van de Stadt,Juana M.",Professor of Russian,German and Russian Department,"1988, B.A., Amherst College","1994, M.A., University of Wisconsin, Madison","2000, Ph.D., University of Wisconsin, Madison"
